{
  "faces": {
    "angry": 1.0374772412146664,
    "disgust": 0.3937087846017514,
    "fear": 20.01445314718466,
    "happy": 0.2993565524687346,
    "sad": 77.15575276246992,
    "surprise": 8.647313183323634e-05,
    "neutral": 1.0991657331509495
  }
}